<animation><name></name><index>0</index><start>0</start><frames><frame><x>0</x><y>0</y><w>80</w><h>160</h><tilesheet>idle1.png</tilesheet><base>idle3</base><rate>1</rate></frame><frame><x>0</x><y>0</y><w>80</w><h>160</h><tilesheet>idle4.png</tilesheet><base>idle4</base><rate>1</rate></frame><frame><x>0</x><y>0</y><w>80</w><h>160</h><tilesheet>idle3.png</tilesheet><base>idle1</base><rate>1</rate></frame><frame><x>0</x><y>0</y><w>80</w><h>160</h><tilesheet>idle4.png</tilesheet><base>idle4</base><rate>1</rate></frame><frame><x>0</x><y>0</y><w>80</w><h>160</h><tilesheet>idle1.png</tilesheet><base>idle2</base><rate>1</rate></frame><frame><x>0</x><y>0</y><w>80</w><h>160</h><tilesheet>idle1.png</tilesheet><base>idle2</base><rate>1</rate></frame><frame><x>0</x><y>0</y><w>80</w><h>160</h><tilesheet>idle1.png</tilesheet><base>idle2</base><rate>1</rate></frame></frames><base>idle</base><rate>0.2</rate></animation>