<animation><name></name><index>2</index><start>0</start><frames><frame><x>32</x><y>0</y><w>368</w><h>192</h><tilesheet>shark_1.png</tilesheet><base>shark1</base><rate>1</rate></frame><frame><x>32</x><y>0</y><w>384</w><h>192</h><tilesheet>shark_2.png</tilesheet><base>shark2</base><rate>1</rate></frame><frame><x>32</x><y>0</y><w>384</w><h>192</h><tilesheet>shark_3.png</tilesheet><base>shark3</base><rate>1</rate></frame><frame><x>32</x><y>0</y><w>384</w><h>192</h><tilesheet>shark_4.png</tilesheet><base>shark4</base><rate>1</rate></frame></frames><base>shark</base><rate>0.3</rate></animation>